birds, neural network result (jump), currentFitness
200,-6.895826,0
200,-15.91034,0.02
200,1.181553,0.04
200,10.59469,0.048325
200,5.543825,0.05665
200,-6.907365,0.1066654
200,12.42985,0.1149904
200,-24.78338,0.123332
200,5.130224,0.131657
200,-0.17924,0.1399972
200,17.42183,0.1483222
200,14.06512,0.1566625
200,-6.407632,0.1649875
200,-6.393214,0.173333
200,0.97288,0.181658
200,7.481451,0.1899943
200,1.596125,0.198332
200,-16.64659,0.2066661
200,-0.222054,0.2149911
200,15.18438,0.2233284
200,7.18236,0.2316534
200,-10.89649,0.2399938
200,-12.21709,0.2483273
200,-4.065153,0.2566683
200,16.67624,0.2650043
200,-11.32088,0.2733293
200,-5.372813,0.2816543
200,16.59669,0.289995
200,12.97302,0.29832
200,-15.90954,0.3066661
200,-2.730965,0.3149911
200,9.09454,0.3233275
200,8.387107,0.3316609
200,-12.73067,0.3399964
200,3.858988,0.3483214
200,-10.65504,0.3566597
200,14.62333,0.3649935
200,1.51758,0.3733185
200,-12.14219,0.3816541
200,-4.957455,0.3899931
200,-4.246766,0.3983181
200,4.553785,0.4066623
200,-22.28102,0.4149873
200,-1.503141,0.4233231
200,-10.08244,0.4316578
200,17.93213,0.4399828
200,19.71264,0.4483259
200,-4.123094,0.4566614
200,1.940311,0.4649864
200,-4.638687,0.473344
200,6.660856,0.481669
200,11.21811,0.4900036
199,-6.791491,0.4983287
199,-4.081984,0.5066653
195,3.242816,0.5149903
195,19.42431,0.5233305
195,-3.866051,0.5316743
116,-7.271368,0.5399993
116,-7.142727,0.5483243
113,-12.40909,0.5566651
113,9.314388,0.56499
113,-3.434324,0.5733265
113,4.870233,0.5816514
113,4.698239,0.5899966
113,-10.4479,0.5983216
113,10.4782,0.6066627
112,0.839352,0.6149877
112,-1.596143,0.6233248
112,-16.31136,0.6316497
112,-19.70643,0.6399952
112,0.719112,0.6483307
112,8.565195,0.6566557
112,-10.216,0.6649806
112,-0.855558,0.6733193
112,10.84614,0.6816562
112,-5.65024,0.689993
111,9.249254,0.6983179
111,-12.05042,0.7066609
111,18.37786,0.7149858
111,-13.50598,0.7233202
111,2.709906,0.7316542
111,20.89181,0.7399898
111,3.48481,0.7483148
111,7.594401,0.7566564
111,-4.148773,0.7649814
111,-0.413229,0.7733218
111,7.265382,0.7816468
111,7.759959,0.7899897
111,-5.468313,0.7983147
111,-19.723,0.8066545
111,-2.980666,0.8149795
111,-9.276374,0.8233229
111,-14.61237,0.8316479
111,12.80491,0.8399888
111,-19.29727,0.8483137
111,-5.095366,0.8566545
111,-3.253082,0.8649893
111,-11.29694,0.8733143
111,-10.7466,0.8816487
111,0.536226,0.8899869
111,13.66451,0.8983289
111,-10.72622,0.9066539
111,-1.92664,0.9149789
111,-12.56554,0.9233152
111,-2.95834,0.9316515
110,14.06489,0.9399851
110,27.24767,0.9483205
110,-9.366609,0.9566455
110,8.571812,0.9649815
110,-12.87671,0.9733217
110,2.162278,0.9816467
110,-10.48605,0.9899837
21,26.11899,0.9983087
21,-21.44708,1.00666
21,-16.22483,1.014985
21,8.006146,1.02331
21,16.66691,1.031651
21,1.636679,1.039976
21,20.40435,1.048319
20,-3.309704,1.056643
20,11.20979,1.064984
20,6.875135,1.073318
20,8.739066,1.081643
20,13.42612,1.089985
20,19.28952,1.098346
20,1.350104,1.106671
19,-9.528536,1.114996
19,21.014,1.123321
19,-15.27716,1.131646
19,-3.290617,1.139983
19,18.55553,1.148308
19,-2.76863,1.156651
19,-14.16933,1.164976
19,3.94147,1.173312
19,22.97465,1.181651
19,-3.543286,1.189976
19,-11.06103,1.19834
19,-7.351219,1.206665
19,-17.9012,1.21499
19,-16.18489,1.223341
19,-7.600315,1.231666
19,0.318928,1.239991
19,5.509588,1.248316
19,-7.326286,1.256641
19,-19.52483,1.264983
19,-17.21968,1.273308
19,10.85434,1.281651
19,-19.45346,1.289976
19,21.62418,1.298334
19,-11.53675,1.306659
19,13.58483,1.314984
19,-12.16771,1.323309
19,16.26652,1.331652
18,-10.8839,1.339977
18,3.587964,1.348302
18,-18.88926,1.356641
18,-3.797979,1.364978
18,-12.06551,1.373303
18,-2.161582,1.381639
18,16.82608,1.389977
18,14.99783,1.398302
18,15.31353,1.406647
18,5.671647,1.414984
18,10.65742,1.42333
18,-7.55251,1.431655
18,23.21925,1.43998
18,22.91466,1.448305
18,27.80482,1.456646
18,2.600685,1.464971
18,-12.7041,1.473314
18,16.46164,1.481639
18,17.63337,1.489975
18,14.11902,1.498314
18,24.16292,1.506639
18,4.980628,1.514975
18,0.572178,1.523314
18,29.61686,1.531639
18,-2.966599,1.539976
18,14.1195,1.548301
18,2.90833,1.556634
18,-0.425319,1.564979
18,10.04023,1.573304
18,-10.22514,1.581629
18,-10.33581,1.589975
18,15.29626,1.598313
18,-11.0449,1.606638
18,-11.70405,1.614963
18,-8.493377,1.623306
18,-14.52318,1.631631
17,-7.277699,1.639973
17,-2.812437,1.648298
17,-16.0536,1.656641
17,4.394354,1.664966
17,5.653411,1.673305
17,2.97005,1.681639
17,-2.281254,1.689974
17,-0.44494,1.698309
17,-7.36534,1.706634
17,-11.17404,1.714969
17,-20.49538,1.723307
17,-7.039338,1.731632
17,-15.99581,1.739974
17,-0.613876,1.748299
17,12.81651,1.756641
17,5.883323,1.764966
17,-6.901104,1.773306
17,9.206696,1.781631
17,-24.80408,1.789969
17,3.067078,1.798294
17,-0.130404,1.806644
16,15.56396,1.814969
16,15.03115,1.823311
16,-6.29191,1.831636
16,-6.37306,1.83997
16,-2.564583,1.848305
16,9.684098,1.856642
16,4.327541,1.864967
15,-16.79623,1.873308
15,-0.312159,1.881633
15,14.87974,1.889972
15,7.595562,1.898297
15,-10.77799,1.906639
15,-12.20631,1.914973
15,-4.03956,1.923298
15,14.35591,1.931639
15,-11.16589,1.939964
15,-5.320059,1.948302
15,17.63187,1.9567
15,12.64883,1.965025
15,-16.06068,1.97335
15,-2.56774,1.981675
15,9.892078,1.99
15,8.073916,1.998325
15,-12.89907,2.006649
15,6.357612,2.014975
15,-10.80291,2.0233
15,11.40998,2.031638
15,3.263959,2.039963
15,-12.24508,2.048303
15,-4.865221,2.056636
15,-4.053974,2.064961
15,2.647464,2.073306
15,-22.09354,2.081631
15,-1.540273,2.089972
15,-10.09998,2.098297
15,15.70806,2.106638
15,19.83662,2.114963
15,-3.982792,2.1233
15,-1.377062,2.131625
14,-4.784314,2.139972
14,10.50666,2.148297
14,8.081468,2.156637
14,-6.96259,2.164962
13,-3.954815,2.173302
13,5.242163,2.181628
13,19.40615,2.189971
13,-3.805162,2.198311
13,-7.102953,2.206636
13,-7.115747,2.214961
13,-12.34613,2.223302
13,8.181192,2.231636
13,-3.554996,2.239961
13,7.561483,2.248301
13,7.342474,2.256635
13,-10.4721,2.26496
13,10.68271,2.273303
13,1.754696,2.281628
13,-1.604177,2.289964
13,-16.34258,2.298289
13,-19.65869,2.306632
13,-0.062968,2.314957
13,11.86378,2.32332
13,-10.31024,2.331645
13,-0.69643,2.33997
13,11.70588,2.348295
13,-5.482265,2.356629
13,13.17812,2.364954
13,-12.09685,2.373301
13,18.65825,2.381626
13,-13.54613,2.389967
13,4.898612,2.398302
13,19.91272,2.406627
13,6.600489,2.414965
13,6.913282,2.4233
13,-4.154389,2.431625
13,-0.385329,2.439967
13,4.238403,2.448292
13,9.380453,2.456634
13,-5.395947,2.464959
13,-19.56712,2.473299
13,-3.015422,2.481635
13,-9.267595,2.48996
13,-14.7091,2.498294
13,16.70596,2.506633
13,-19.38588,2.514958
13,-5.127048,2.523294
13,-3.251625,2.531631
13,-11.197,2.539965
13,-10.69274,2.54829
13,2.988012,2.556628
13,11.89671,2.564953
13,-10.80554,2.573293
13,-1.843412,2.581618
13,-12.67448,2.589964
13,-2.945433,2.598289
13,14.70654,2.606631
13,27.35226,2.614956
13,-9.483715,2.623299
13,12.4975,2.631633
13,-13.02492,2.639969
13,5.862637,2.648294
13,-10.66605,2.656632
13,28.31154,2.664958
13,-21.26941,2.673295
13,-16.35518,2.681631
13,8.831563,2.689956
13,17.01797,2.698298
13,4.521369,2.706631
13,16.57471,2.714957
13,-3.473156,2.723297
13,8.313109,2.731632
13,4.893032,2.739957
13,9.238521,2.748295
12,11.91706,2.756629
12,21.91329,2.764963
12,5.384419,2.7733
12,-9.493142,2.781625
12,18.33321,2.789958
12,-15.34826,2.798295
12,-3.223011,2.80662
12,21.87245,2.814957
12,-2.959049,2.823294
12,-14.01303,2.83163
12,3.191864,2.839956
12,19.52453,2.848294
12,-3.678522,2.856619
12,-10.87928,2.864955
12,-7.164969,2.873293
12,-17.70855,2.881618
12,-15.99183,2.889967
12,-7.534604,2.898292
12,0.247524,2.906629
12,8.488521,2.914954
12,-7.450275,2.92331
12,-19.70043,2.931635
12,-17.26425,2.93996
12,7.919619,2.948297
12,-19.4139,2.956622
12,20.05675,2.964959
12,-11.69428,2.973284
12,17.07984,2.981622
12,-12.31524,2.989961
12,16.07324,2.998296
12,-10.97295,3.006621
12,4.400772,3.014959
12,-18.83562,3.023293
12,-3.930358,3.031627
12,-12.01822,3.039965
12,-2.02195,3.048312
12,13.83679,3.056637
12,13.77486,3.064962
12,17.67505,3.073299
12,8.950991,3.081624
12,13.54091,3.089949
12,-7.494592,3.0983
12,22.75053,3.106625
12,19.26687,3.11496
12,31.52024,3.123299
12,6.147675,3.131624
12,-12.76513,3.139949
12,14.25148,3.14829
12,14.45751,3.156615
12,10.29496,3.164962
12,24.49558,3.173287
12,8.539692,3.181612
12,2.885129,3.189954
12,32.4175,3.198279
12,-2.822124,3.206624
12,16.42747,3.214949
12,1.203132,3.223314
12,-0.447371,3.231639
12,13.7023,3.239964
12,-10.17367,3.248289
12,-10.29495,3.256627
12,12.09318,3.264952
12,-11.21602,3.27329
12,-11.7846,3.281615
12,-8.469804,3.289953
12,-14.59351,3.298292
12,-7.10307,3.306626
12,-2.884242,3.314951
12,-16.05029,3.323291
12,7.435999,3.331616
12,7.835026,3.339959
12,0.046302,3.348284
12,-2.389239,3.356622
12,-0.555295,3.364958
12,-7.2533,3.373302
12,-11.04784,3.381627
12,-20.66255,3.389963
12,-7.032393,3.398288
12,-15.97011,3.406625
12,-0.624181,3.41495
12,10.58368,3.423292
12,5.629499,3.431617
12,-6.91423,3.439955
12,12.19737,3.44829
12,-24.74733,3.456624
12,4.959338,3.464949
12,-0.106258,3.47329
12,17.22046,3.481616
12,13.9897,3.489956
11,-6.240926,3.498297
11,-6.332941,3.506622
11,-2.55355,3.514947
11,7.573311,3.523287
11,1.663675,3.531612
11,-16.75019,3.539954
11,-0.284711,3.548288
11,15.06331,3.556613
11,7.21396,3.56495
11,-10.74392,3.57329
11,-12.15338,3.581615
11,-3.99746,3.589955
11,16.49307,3.59828
11,-11.11685,3.606626
11,-5.306817,3.614951
11,16.64693,3.623289
11,12.85682,3.631614
11,-16.01414,3.639951
11,-2.550814,3.648289
11,9.038604,3.656615
11,8.281021,3.664952
11,-12.88696,3.673294
11,4.041329,3.681619
11,-10.77707,3.689954
11,14.4085,3.698279
11,1.643037,3.706621
11,-12.18996,3.714947
11,-4.848534,3.723294
11,-4.045925,3.731619
11,4.491963,3.739944
11,-22.04129,3.748293
11,-1.529932,3.756618
11,-10.04826,3.764943
11,17.74653,3.773293
11,19.73047,3.781618
11,-3.994045,3.789953
11,-1.389642,3.798278
11,-4.784249,3.806623
11,6.845555,3.814948
11,11.09202,3.823287
11,-6.943032,3.831612
11,-3.934124,3.839952
11,3.348279,3.848289
11,19.45327,3.856615
11,-3.777036,3.86495
11,-7.056693,3.873275
11,-7.123295,3.881618
11,-12.29419,3.889944
11,9.215747,3.898316
11,-3.531285,3.906641
11,5.049719,3.914966
11,4.717745,3.923291
11,-10.45472,3.931616
11,10.36934,3.939955
11,0.959216,3.94828
11,-1.619845,3.956618
11,-16.28661,3.964943
11,-19.60367,3.973286
11,-0.035982,3.981611
11,8.713671,3.989947
11,-10.26768,3.998291
11,-0.666616,4.006617
11,10.89016,4.014942
11,-5.444607,4.023296
11,9.422311,4.031621
11,-12.07502,4.039947
11,18.39832,4.048292
11,-13.52483,4.056617
11,2.791244,4.064942
11,20.85554,4.073292
11,3.589101,4.081617
11,7.512919,4.089951
11,-4.138759,4.098285
11,-0.389993,4.10661
11,7.068022,4.114949
11,7.851057,4.123274
11,-5.365282,4.13161
11,-19.52302,4.139954
11,-2.993343,4.148279
11,-9.268207,4.156615
11,-14.68598,4.16494
11,12.96283,4.173282
11,-19.33441,4.181607
11,-5.107795,4.189946
11,-3.245224,4.198288
11,-11.16085,4.206614
11,-10.67428,4.214949
11,0.712503,4.223284
11,13.58512,4.231609
10,-10.75274,4.239953
10,-1.856582,4.248278
10,-12.6424,4.256613
10,-2.94308,4.264948
10,13.99459,4.273273
10,27.24053,4.281609
10,-9.433436,4.289947
10,8.787015,4.298272
10,-13.01822,4.306613
10,2.329261,4.314939
10,-10.6559,4.323279
10,26.20476,4.331614
10,-21.22553,4.339939
10,-16.33879,4.348276
10,7.99175,4.356612
10,16.73484,4.364937
10,1.756524,4.373284
10,20.22284,4.381609
10,-3.450951,4.389943
10,11.05425,4.398277
10,6.794837,4.406602
10,8.718548,4.414945
10,13.35166,4.423281
10,19.41713,4.431606
10,1.585226,4.456614
10,-9.482226,4.464939
10,20.89471,4.564945
10,-15.30328,4.573283
10,-3.193088,4.589946
10,18.70721,4.606608
10,-2.961437,4.63161
10,-13.9773,4.639935
10,3.826007,4.656615
10,22.79063,4.673287
10,-3.643394,4.681612
10,-10.86168,4.698275
10,-7.135221,4.714941
10,-17.66206,4.73161
10,-15.94059,4.748275
10,-7.483136,4.773288
10,0.236771,4.781613
10,5.651111,4.79827
10,-7.429678,4.806604
10,-19.64505,4.82328
10,-17.22672,4.839942
10,10.62354,4.856605
10,-19.36687,4.881601
9,21.50036,4.889926
9,-11.65779,4.906607
9,13.68025,4.914932
9,-12.27503,4.931601
9,16.2245,4.948291
9,-10.97019,4.964955
9,3.63471,4.981599
9,-18.78375,5.006602
9,-3.927451,5.014927
9,-11.99249,5.031603
9,-2.037496,5.048275
9,16.60844,5.0566
9,14.82109,5.073277
9,15.46835,5.089938
9,5.842028,5.106606
9,10.79309,5.123273
9,-7.443467,5.139938
9,23.21191,5.1566
9,22.63884,5.164938
9,27.98319,5.181598
8,2.794517,5.198264
8,-12.7284,5.214938
7,16.34665,5.231596
7,17.42352,5.2566
7,13.8322,5.264925
7,24.15961,5.281597
7,5.187229,5.289947
7,0.60637,5.306601
7,29.75567,5.323272
7,-2.794598,5.339937
7,14.21445,5.356601
7,2.811806,5.381603
7,-0.430157,5.389928
7,10.13512,5.406598
7,-10.12431,5.42327
7,-10.2739,5.431595
7,15.11392,5.448262
7,-11.2168,5.464931
7,-11.76231,5.481598
7,-8.424147,5.506599
7,-14.55863,5.514924
7,-7.086387,5.531595
7,-2.899508,5.53993
7,-15.99937,5.556597
7,4.569928,5.573268
7,5.737489,5.589933
7,0.004888,5.606599
7,-2.403395,5.623267
7,-0.539018,5.639932
7,-7.227521,5.656598
7,-11.00036,5.664941
7,-20.60497,5.681597
7,-7.029503,5.698263
7,-15.95941,5.714929
7,-0.62847,5.731595
7,10.55929,5.748259
7,5.631646,5.764942
7,-6.919695,5.773267
7,12.18348,5.789943
7,-24.7237,5.806595
7,4.948378,5.823262
7,-0.096207,5.839929
7,17.20228,5.856593
7,13.96641,5.881597
7,-6.219705,5.889922
7,-6.316241,5.898247
7,-2.548958,5.906597
7,7.557574,5.914922
7,1.663864,5.923263
7,-16.73102,5.931588
7,-0.273286,5.93993
7,15.04201,5.948265
7,7.212774,5.95659
7,-10.72974,5.964946
7,-12.13135,5.973271
7,-3.979935,5.981596
7,16.47727,5.989932
7,-11.09643,5.998257
7,-5.301305,6.006594
7,16.62799,6.014919
7,12.83923,6.023262
7,-15.99477,6.031587
7,-2.543769,6.039939
7,9.016079,6.048264
5,8.264949,6.056589
5,-12.88192,6.064939
5,4.036129,6.073264
5,-10.76631,6.081589
5,14.39693,6.089935
5,1.642561,6.09826
5,-12.16701,6.106597
1,-4.841588,6.114923
1,-4.042574,6.12326
1,4.493311,6.131598
1,-22.01954,6.139924
1,-1.525628,6.148249
1,-10.02673,6.15659
1,17.72869,6.164947
1,19.71763,6.173272
1,-3.998729,6.181597
1,-1.394878,6.189922
1,-4.784222,6.198257
1,6.844167,6.206593
1,11.08083,6.214918
1,-6.934891,6.223255
1,-3.925511,6.231591
1,3.350276,6.239925
1,19.43994,6.24825
1,-3.765329,6.256588
1,-7.037437,6.264914
1,-7.126436,6.273259
1,-12.27256,6.281595
1,9.210379,6.28992
1,-3.521415,6.298258
1,5.051587,6.306592
1,4.700502,6.314917
1,-10.44749,6.323253
1,10.3462,6.331578
1,0.960618,6.339931
1,-1.626367,6.348256
1,-16.26331,6.356581
1,-19.58077,6.364925
1,-0.024749,6.373262
1,8.708434,6.381587
1,-10.24996,6.389925
1,-0.654206,6.39825
1,10.8857,6.406589
1,-5.428932,6.414924
1,9.415734,6.423249
1,-12.06594,6.431587
1,18.38124,6.439927
1,-13.51596,6.448252
1,2.792973,6.456591
1,20.83476,6.464916
1,3.587039,6.473254
1,7.509032,6.48159
1,-4.132253,6.489915
1,-0.391934,6.498257
1,7.063187,6.50659
1,7.846262,6.514915
1,-5.352517,6.523253
1,-19.50466,6.531591
1,-2.984153,6.539927
1,-9.268462,6.548252
1,-14.67635,6.556589
1,12.9487,6.564914
1,-19.31298,6.573256
1,-5.099781,6.581591
1,-3.242559,6.589916
1,-11.1458,6.598241
1,-10.66659,6.606594
1,0.720863,6.614919
1,13.56774,6.623255
1,-10.73077,6.63159
1,-1.862065,6.639915
1,-12.62905,6.648251
1,-2.9421,6.65659
1,13.97626,6.664916
1,27.21612,6.673251
1,-9.412506,6.681576
1,8.775966,6.689924
1,-13.01542,6.698249
1,2.320671,6.706589
1,-10.65167,6.714914
1,26.18037,6.723254
1,-21.20727,6.731579
1,-16.33197,6.739923
1,7.974113,6.748257
1,16.72733,6.756582
1,1.746612,6.76492
1,20.20548,6.773256
1,-3.441708,6.781581
1,11.03581,6.78992
1,6.782557,6.798254
1,8.710486,6.806587
1,13.34078,6.814912
1,19.39461,6.823256
1,1.580465,6.831581
1,-9.477682,6.839922
1,20.87802,6.848247
1,-15.28455,6.856588
1,-3.180632,6.864913
1,18.68348,6.87325
1,-2.96243,6.881592
1,-13.96243,6.889917
1,3.816204,6.898253
1,22.77178,6.906589
1,-3.628772,6.914914
1,-10.85435,6.923253
1,-7.122838,6.931578
1,-17.64271,6.939923
1,-15.91926,6.948248
1,-7.461713,6.956589
1,0.232295,6.964914
1,5.651259,6.97325
1,-7.421105,6.981575
1,-19.622,6.989923
1,-17.2111,6.998248
1,10.60326,7.006591
1,-19.3473,7.014916
1,21.48188,7.023242
1,-11.6426,7.03159
1,13.66014,7.039915
1,-12.25829,7.048254
1,16.20337,7.056588
1,-10.96905,7.064913
1,3.626508,7.073252
1,-18.76216,7.081577
1,-3.926241,7.089922
1,-11.98179,7.098248
1,-2.043967,7.106589
1,16.59431,7.114914
1,14.79768,7.123253
1,15.46183,7.131578
1,5.84268,7.139919
1,10.77823,7.148244
1,-7.422189,7.156586
1,23.19157,7.16492
1,22.61547,7.173245
1,27.95958,7.181585
1,2.798356,7.189919
1,-12.71311,7.198253
1,16.32626,7.206589
1,17.40688,7.214914
1,13.81444,7.223252
1,24.13637,7.2316
1,5.191872,7.239925
1,0.599686,7.24825
1,29.7312,7.256586
1,-2.783141,7.264911
1,14.19985,7.273251
1,2.804441,7.281576
1,-0.422991,7.28992
1,10.11434,7.298245
1,-10.10376,7.306587
1,-10.26513,7.314912
1,15.09709,7.323253
1,-11.21713,7.331586
1,-11.75304,7.339911
1,-8.405142,7.348258
1,-14.5441,7.356583
1,-7.079443,7.364908
1,-2.905862,7.373251
1,-15.97818,7.381576
1,4.562868,7.38992
1,5.726586,7.398245
1,-0.012351,7.406583
1,-2.409287,7.414908
1,-0.532243,7.423247
1,-7.21679,7.431572
1,-10.9806,7.439919
1,-20.581,7.448244
1,-7.456829,7.456581
1,-16.20972,7.464915
1,-0.558255,7.47324
1,16.46665,7.481583
1,7.025552,7.489918
1,-6.88601,7.498243
1,2.702562,7.506582
1,-24.74635,7.514907
1,-1.235754,7.523251
1,0.056149,7.531576
1,11.44293,7.539918
1,16.25613,7.548243
1,-5.873342,7.556579
1,-6.246631,7.564917
1,-1.986011,7.573242
1,13.96897,7.581576
1,9.013159,7.589919
1,-17.14025,7.598244
1,-0.545419,7.606579
1,13.78747,7.614904
1,8.48435,7.623248
1,-10.36199,7.631573
1,-12.07666,7.639914
1,-3.900562,7.648248
1,9.633916,7.656581
1,-10.61865,7.664907
1,-5.120175,7.673248
1,19.86027,7.681573
1,11.51225,7.689916
1,-16.40934,7.698241
1,-2.044351,7.706581
1,10.99749,7.714906
1,7.010045,7.723246
1,-13.36982,7.731571
1,11.63809,7.739917
1,-11.19407,7.748242
1,5.023254,7.75658
1,6.895561,7.764905
1,-12.45694,7.773248
1,-4.537606,7.781584
1,-3.451376,7.789909
1,-0.755307,7.798234
1,-21.44068,7.806583
1,-1.648484,7.814908
1,-10.07115,7.823246
1,11.14299,7.831572
1,20.34082,7.83992
1,-3.561346,7.848245
1,-0.823171,7.856583
1,-5.222747,7.864908
1,17.8103,7.873243
1,2.483397,7.88158
1,-7.456868,7.889915
1,-3.536628,7.89824
1,9.07333,7.90658
1,19.78476,7.914905
1,-3.574061,7.923243
1,-6.522531,7.931595
1,-7.038352,7.93992
1,-12.07138,7.948246
1,5.77229,7.956579
1,-3.882741,7.964904
1,13.01609,7.973243
1,11.77115,7.981594
1,-10.49337,7.989919
1,10.48699,7.998244
1,4.047825,8.006611
1,-1.63679,8.014935
1,-16.35367,8.02326
1,-19.40396,8.031585
1,0.313013,8.039909
1,18.10868,8.048234
1,-10.50352,8.056579
1,-0.173234,8.064903
1,13.41725,8.073239
1,-4.914585,8.081576
1,20.59209,8.089901
1,-12.17407,8.09824
1,19.48036,8.106565
1,-13.61652,8.114902
1,8.838807,8.123238
1,18.42952,8.131573
1,12.18474,8.139907
1,5.305319,8.148232
1,-4.139885,8.156574
1,-0.324536,8.164899
1,-1.824166,8.173238
1,12.61779,8.181562
1,-5.132519,8.189905
1,-19.00488,8.19823
1,-3.064761,8.206573
1,-9.223624,8.214897
1,-14.94206,8.223236
1,24.06706,8.231561
1,-19.56263,8.239903
1,-5.209085,8.248228
1,-3.255217,8.256571
1,-10.81667,8.264895
1,-10.50255,8.273237
1,7.961914,8.28157
1,8.83217,8.289895
1,-10.97,8.298239
1,-1.613078,8.306563
1,-12.93489,8.3149
1,-2.890955,8.323236
1,15.40592,8.33156
1,27.79748,8.3399
1,-9.761091,8.348236
1,20.29033,8.356561
1,-13.43421,8.366117
1,12.90919,8.374442
1,-11.16822,8.382767
1,32.65501,8.391091
1,-20.64524,8.399416
1,-16.70315,8.407741
1,10.22836,8.416065
1,18.17698,8.42439
1,9.980634,8.432714
1,9.581055,8.441039
1,-3.911385,8.449364
1,2.958075,8.457688
1,1.423302,8.466013
1,9.957321,8.474338
1,9.195157,8.482662
1,27.20876,8.490987
1,13.40758,8.499311
1,-9.37629,8.507636
1,13.56005,8.515961
1,-15.50163,8.524285
1,-2.97193,8.53261
1,28.42724,8.540935
1,-3.540787,8.549259
1,-13.46418,8.557584
1,1.302456,8.565908
1,13.11241,8.574233
1,-4.019661,8.582558
1,-10.2913,8.590882
1,-6.530936,8.599207
1,-17.02622,8.607532
1,-15.3193,8.615856
1,-7.262197,8.624181
1,0.032086,8.632505
1,14.11707,8.64083
1,-7.806032,8.649155
1,-20.14752,8.657479
1,-17.32374,8.665804
1,1.957967,8.674129
1,-19.222,8.682453
1,16.97482,8.690778
1,-12.11219,8.699102
1,23.4271,8.707427
1,-12.68305,8.715752
1,15.75161,8.724076
1,-11.21261,8.732401
1,6.113288,8.740726
1,-18.59532,8.74905
1,-4.301486,8.757375
1,-11.82799,8.765699
1,-1.620646,8.774024
1,7.806386,8.782349
1,10.88419,8.790673
1,22.55449,8.798998
1,15.25157,8.807323
1,19.18792,8.815647
1,-7.243389,8.823972
1,22.26142,8.832296
1,11.91531,8.840621
1,38.88578,8.848946
1,12.99167,8.85727
1,-12.8598,8.865595
1,10.28152,8.873919
1,8.23645,8.882244
1,2.512088,8.890569
1,25.30201,8.898893
1,15.48833,8.907218
1,6.772685,8.915543
1,38.09574,8.923867
1,-2.355708,8.932192
1,20.88107,8.940516
1,-2.03573,8.948841
1,-0.484681,8.957166
1,20.31013,8.96549
1,-9.948536,8.973815
1,-10.11544,8.98214
1,6.043036,8.990464
1,-11.71495,8.998789
1,-11.97345,9.007113
1,-8.33842,9.015438
1,-14.73546,9.023763
1,-6.540475,9.032087
1,-3.119879,9.040412
1,-15.93624,9.048737
1,13.52038,9.057061
1,11.96113,9.065386
1,0.207306,9.07371
1,-2.720404,9.082035
1,-0.844555,9.09036
1,-6.862853,9.098684
1,-10.58919,9.107009
1,-21.0537,9.115334
1,-7.439462,9.123658
1,-16.14545,9.131983
1,-0.584025,9.140307
1,9.79743,9.148632
1,6.261504,9.156957
1,-6.91884,9.165281
1,11.69124,9.173606
1,-24.60441,9.181931
1,-1.301601,9.190255
1,0.116533,9.19858
1,16.43427,9.206904
1,13.15972,9.215229
1,-5.745845,9.223554
1,-6.146302,9.231878
1,-1.958419,9.240203
1,7.655485,9.248528
1,1.021336,9.256852
1,-17.02511,9.265177
1,-0.476777,9.273501
1,14.36373,9.281826
1,7.340964,9.290151
1,-10.27678,9.298475
1,-11.94429,9.3068
1,-3.795277,9.315125
1,16.06435,9.323449
1,-10.496,9.331774
1,-5.087059,9.340098
1,16.9282,9.348423
1,12.15734,9.356748
1,-16.29296,9.365072
1,-2.002024,9.373397
1,8.464086,9.381721
1,7.650635,9.390046
1,-13.33954,9.398371
1,4.695476,9.406695
1,-11.12945,9.41502
1,14.0327,9.423345
1,2.033368,9.431669
1,-12.31908,9.439994
1,-4.495876,9.448318
1,-3.431246,9.456643
1,-0.747204,9.464968
1,-21.31002,9.473292
1,-1.622624,9.481617
1,-9.941799,9.489942
1,17.27981,9.498266
1,20.03775,9.506591
1,-3.589487,9.514915
1,-0.854631,9.52324
1,-5.222584,9.531565
1,6.828646,9.539889
1,11.52849,9.548214
1,-7.407957,9.556539
1,-3.484885,9.564863
1,3.389285,9.573188
1,19.94211,9.581512
1,-3.503726,9.589837
1,-6.406843,9.598162
1,-7.057227,9.606486
1,-11.94148,9.614822
1,8.882391,9.62316
1,-3.823443,9.631485
0,5.47856,9.639823
0,3.917645,9.639823
0,-10.44991,9.639823
0,9.574629,9.639823
0,1.6597,9.639823
0,-1.675972,9.639823
0,-16.21369,9.639823
0,-19.26638,9.639823
0,0.380499,9.639823
0,8.66463,9.639823
0,-10.39708,9.639823
0,-0.098675,9.639823
0,10.97547,9.639823
0,-4.820409,9.639823
0,9.332562,9.639823
0,-12.11948,9.639823
0,18.72106,9.639823
0,-13.56326,9.639823
0,2.514631,9.639823
0,21.28292,9.639823
0,3.153056,9.639823
0,7.10889,9.639823
0,-4.100797,9.639823
0,-0.336199,9.639823
0,-1.85321,9.639823
0,8.035358,9.639823
0,-5.055831,9.639823
0,-18.8946,9.639823
0,-3.009546,9.639823
0,-9.225155,9.639823
0,-14.88424,9.639823
0,12.85461,9.639823
0,-19.4339,9.639823
0,-5.160937,9.639823
0,-3.23921,9.639823
0,-10.72628,9.639823
0,-10.45638,9.639823
0,1.125362,9.639823
0,13.91822,9.639823
0,-10.83798,9.639823
0,-1.646014,9.639823
0,-12.85468,9.639823
0,-2.885071,9.639823
0,13.29207,9.639823
0,27.49158,9.639823
0,-9.635353,9.639823
0,9.172138,9.639823
0,-13.41744,9.639823
0,2.319372,9.639823
0,-11.14283,9.639823
0,26.36391,9.639823
0,-20.53552,9.639823
0,-16.66216,9.639823
0,7.730075,9.639823
0,17.33661,9.639823
0,1.697987,9.639823
0,20.54624,9.639823
0,-3.855855,9.639823
0,11.20363,9.639823
0,7.143448,9.639823
0,8.407071,9.639823
0,13.51201,9.639823
0,19.7473,9.639823
0,2.015709,9.639823
0,-9.34899,9.639823
0,21.26457,9.639823
0,-15.38912,9.639823
0,-2.897096,9.639823
0,18.95998,9.639823
0,-3.546757,9.639823
0,-13.37484,9.639823
0,3.21664,9.639823
0,22.93331,9.639823
0,-3.931814,9.639823
0,-10.24728,9.639823
0,-6.456542,9.639823
0,-16.90996,9.639823
0,-15.19116,9.639823
0,-7.133486,9.639823
0,0.005195,9.639823
0,5.604659,9.639823
0,-7.754524,9.639823
0,-20.00903,9.639823
0,-17.2299,9.639823
0,10.09406,9.639823
0,-19.10439,9.639823
0,21.3278,9.639823
0,-12.02093,9.639823
0,13.25243,9.639823
0,-12.58248,9.639823
0,16.23076,9.639823
0,-11.20572,9.639823
0,3.82494,9.639823
0,-18.4656,9.639823
0,-4.294216,9.639823
0,-11.76366,9.639823
0,-1.659523,9.639823
0,16.13825,9.639823
0,14.05095,9.639823
0,15.9422,9.639823
0,5.923902,9.639823
0,10.96227,9.639823
0,-7.115541,9.639823
0,23.66995,9.639823
0,22.05923,9.639823
0,28.30295,9.639823
0,2.92759,9.639823
0,-12.76795,9.639823
0,16.59147,9.639823
0,17.15443,9.639823
0,13.14509,9.639823
0,24.32196,9.639823
0,5.425368,9.639823
0,-0.055573,9.639823
0,30.13962,9.639823
0,-2.286872,9.639823
0,14.25952,9.639823
0,-2.079978,9.639823
0,-0.441632,9.639823
0,9.633499,9.639823
0,-9.825095,9.639823
0,-10.0628,9.639823
0,15.12544,9.639823
0,-11.71692,9.639823
0,-11.91771,9.639823
0,-8.224242,9.639823
0,-14.64822,9.639823
0,-6.498754,9.639823
0,-3.158056,9.639823
0,-15.8089,9.639823
0,4.930636,9.639823
0,5.681599,9.639823
0,0.103738,9.639823
0,-2.755805,9.639823
0,-0.80385,9.639823
0,-6.798386,9.639823
0,-10.47047,9.639823
0,-20.9097,9.639823
0,-7.579871,9.639823
0,-16.22329,9.639823
0,-0.556584,9.639823
0,14.1012,9.639823
0,6.932753,9.639823
0,-6.904465,9.639823
0,5.384793,9.639823
0,-24.59093,9.639823
0,-1.34803,9.639823
0,0.172618,9.639823
0,12.78444,9.639823
0,15.01403,9.639823
0,-5.623584,9.639823
0,-6.114482,9.639823
0,-1.769083,9.639823
0,11.93929,9.639823
0,6.343303,9.639823
0,-17.14191,9.639823
0,-0.564286,9.639823
0,13.74228,9.639823
0,8.147416,9.639823
0,-10.14538,9.639823
0,-11.91127,9.639823
0,-3.762112,9.639823
0,11.51838,9.639823
0,-10.32566,9.639823
0,-5.017221,9.639823
0,18.93358,9.639823
0,11.50113,9.639823
0,-16.41175,9.639823
0,-1.829954,9.639823
0,9.993185,9.639823
0,7.018028,9.639823
0,-13.49472,9.639823
0,9.572615,9.639823
0,-11.26317,9.639823
0,7.748937,9.639823
0,5.444323,9.639823
0,-12.40182,9.639823
0,-4.383139,9.639823
0,-3.228789,9.639823
0,-0.562699,9.639823
0,-21.10434,9.639823
0,-1.665962,9.639823
0,-9.946695,9.639823
0,12.91937,9.639823
0,20.27131,9.639823
0,-3.439761,9.639823
0,-0.67078,9.639823
0,-5.369297,9.639823
0,14.33017,9.639823
0,5.403638,9.639823
0,-7.582128,9.639823
0,-3.349926,9.639823
0,7.292185,9.639823
0,19.89989,9.639823
0,-3.433198,9.639823
0,-6.225568,9.639823
0,-7.026531,9.639823
0,-11.8631,9.639823
0,6.663024,9.639823
0,-3.940365,9.639823
0,10.73547,9.639823
0,9.051895,9.639823
0,-10.45388,9.639823
0,9.943771,9.639823
0,3.454468,9.639823
0,-1.677061,9.639823
0,-16.23493,9.639823
0,-19.18861,9.639823
0,0.492888,9.639823
0,15.0947,9.639823
0,-10.46598,9.639823
0,0.066981,9.639823
0,12.64964,9.639823
0,-4.640262,9.639823
0,16.99059,9.639823
0,-12.14212,9.639823
0,19.25604,9.639823
0,-13.5872,9.639823
0,6.783224,9.639823
0,19.35849,9.639823
0,9.224914,9.639823
0,5.772077,9.639823
0,-4.0981,9.639823
0,-0.319815,9.639823
0,-1.827057,9.639823
0,11.19452,9.639823
0,-4.977277,9.639823
0,-18.71117,9.639823
0,-3.025466,9.639823
0,-9.204123,9.639823
0,-14.96144,9.639823
0,20.45129,9.639823
0,-19.50457,9.639823
0,-5.199455,9.639823
0,-3.248218,9.639823
0,-10.60178,9.639823
0,-10.39831,9.639823
0,5.920832,9.639823
0,10.45714,9.639823
0,-10.91083,9.639823
0,-1.565079,9.639823
0,-12.94518,9.639823
